{
    "Nx": 9,
    "Ny": 1,
    "Nz": 1,
    "Nvx": 10,
    "Nvy": 10,
    "Nvz": 10,
    "Lx": 10.0,
    "Ly": 1.0,
    "Lz": 1.0,
    "Nn": 300,
    "Nm": 1,
    "Np": 1,
    "Ns": 2,
    "nu": 1.0,
    "Omega_ce": 1.0,
    "mi_me": 1836.0,
    "Ti_Te": 0.1,
    "qs": [-1, 1],
    "alpha_e": [1.414213, 1.414213, 1.414213],
    "u_s": [0.0, 0.0, 0.0, 0.0, 0.0, 0.0],
    "t_steps": 6301,
    "t_max": 630
}