{
    "Nx": 21,
    "Ny": 1,
    "Nz": 1,
    "Nvx": 10,
    "Nvy": 10,
    "Nvz": 10,
    "Lx": 12.566371,
    "Ly": 1.0,
    "Lz": 1.0,
    "Nn": 100,
    "Nm": 1,
    "Np": 1,
    "Ns": 2,
    "nu": 0.0,
    "Omega_ce": 1.0,
    "mi_me": 1.0,
    "Ti_Te": 1.0,
    "qs": [-1, -1],
    "alpha_e": [0.707107, 0.707107, 0.707107],
    "u_s": [1.0, 0.0, 0.0, -1.0, 0.0, 0.0],
    "t_steps": 1001,
    "t_max": 100,
    "dt": 0.02
}