{
  "rows": [
    {
      "nmax": 2,
      "p": 3,
      "N": 27,
      "setup_s": 0.018711833050474524,
      "numpy_rhs_self_s": 0.019116135488729924,
      "numpy_rhs_cross_s": 0.03808610426494852,
      "jax_compile_self_s": 0.0997254999820143,
      "jax_compile_cross_s": 0.19471145793795586,
      "jax_rhs_self_s": 8.356249115119378e-05,
      "jax_rhs_cross_s": 0.00015097918609778085,
      "jax_integrate_compile_s": 0.5376571658998728,
      "jax_integrate_steady_s": 0.024605915881693363,
      "rhs_relerr_self": 8.819398570997115e-14,
      "rhs_relerr_ab": 5.0393031878952844e-14,
      "rhs_relerr_ba": 2.7331513399566635e-14,
      "maxwell_relres_self": 7.222051723626516e-16,
      "maxwell_relres_cross": 4.234881785675269e-16,
      "cons_rate_n": 0.0,
      "cons_rate_P": 1.2266347333466993e-18,
      "cons_rate_W": 1.6279837720956092e-15,
      "lin_fd_best_relerr": 3.712125517736734e-08,
      "lin_backend_relerr": 7.560322145042052e-16,
      "numpy_integrate_s": 6.8267172910273075,
      "jax_integrate_s": 0.024605915881693363,
      "ok_maxwell": true,
      "ok_conservation": true,
      "ok_backend_consistency": true,
      "wall_s": 8.464532250072807
    },
    {
      "nmax": 3,
      "p": 4,
      "N": 64,
      "setup_s": 0.019210875034332275,
      "numpy_rhs_self_s": 0.13691086473409086,
      "numpy_rhs_cross_s": 0.2739027499919757,
      "jax_compile_self_s": 0.11285325000062585,
      "jax_compile_cross_s": 0.20731770806014538,
      "jax_rhs_self_s": 0.00029801383304099244,
      "jax_rhs_cross_s": 0.0005771319847553968,
      "jax_integrate_compile_s": 0.5992342920508236,
      "jax_integrate_steady_s": 0.0878270419780165,
      "rhs_relerr_self": 8.207737023870143e-14,
      "rhs_relerr_ab": 1.590742302167274e-14,
      "rhs_relerr_ba": 4.0235709428200556e-14,
      "maxwell_relres_self": 7.222051723626516e-16,
      "maxwell_relres_cross": 4.3545424393042425e-16,
      "cons_rate_n": 0.0,
      "cons_rate_P": 3.927147295784615e-18,
      "cons_rate_W": 8.504392069036415e-12,
      "lin_fd_best_relerr": 4.3226575747368034e-08,
      "lin_backend_relerr": 1.411271536309088e-15,
      "numpy_integrate_s": 49.55864862492308,
      "jax_integrate_s": 0.0878270419780165,
      "ok_maxwell": true,
      "ok_conservation": true,
      "ok_backend_consistency": true,
      "wall_s": 54.60357620799914
    },
    {
      "nmax": 4,
      "p": 5,
      "N": 125,
      "setup_s": 0.02032754197716713,
      "numpy_rhs_self_s": NaN,
      "numpy_rhs_cross_s": NaN,
      "jax_compile_self_s": 0.09194950014352798,
      "jax_compile_cross_s": 0.17940616700798273,
      "jax_rhs_self_s": 0.0005783263283471266,
      "jax_rhs_cross_s": 0.0011361111731578906,
      "jax_integrate_compile_s": 0.5770105000119656,
      "jax_integrate_steady_s": 0.1708130829501897,
      "rhs_relerr_self": NaN,
      "rhs_relerr_ab": NaN,
      "rhs_relerr_ba": NaN,
      "maxwell_relres_self": 7.424953623571588e-16,
      "maxwell_relres_cross": 5.983757378111184e-16,
      "cons_rate_n": 0.0,
      "cons_rate_P": 2.4628339063450876e-18,
      "cons_rate_W": 4.7777122210747314e-11,
      "lin_fd_best_relerr": NaN,
      "lin_backend_relerr": NaN,
      "numpy_integrate_s": NaN,
      "jax_integrate_s": 0.1708130829501897,
      "ok_maxwell": true,
      "ok_conservation": true,
      "ok_backend_consistency": true,
      "wall_s": 1.0843952500727028
    },
    {
      "nmax": 5,
      "p": 6,
      "N": 216,
      "setup_s": 0.020476875128224492,
      "numpy_rhs_self_s": NaN,
      "numpy_rhs_cross_s": NaN,
      "jax_compile_self_s": 0.09375308291055262,
      "jax_compile_cross_s": 0.17846929095685482,
      "jax_rhs_self_s": 0.0008527361399804553,
      "jax_rhs_cross_s": 0.0016684862008939187,
      "jax_integrate_compile_s": 0.6718905419111252,
      "jax_integrate_steady_s": 0.2634967500343919,
      "rhs_relerr_self": NaN,
      "rhs_relerr_ab": NaN,
      "rhs_relerr_ba": NaN,
      "maxwell_relres_self": 7.424953623571587e-16,
      "maxwell_relres_cross": 6.001550719930599e-16,
      "cons_rate_n": 0.0,
      "cons_rate_P": 3.450761912075328e-18,
      "cons_rate_W": 3.256755160691016e-10,
      "lin_fd_best_relerr": NaN,
      "lin_backend_relerr": NaN,
      "numpy_integrate_s": NaN,
      "jax_integrate_s": 0.2634967500343919,
      "ok_maxwell": true,
      "ok_conservation": true,
      "ok_backend_consistency": true,
      "wall_s": 1.278957375092432
    }
  ],
  "physics_rows": [
    {
      "nmax": 5,
      "Q": 8,
      "maxK": 256,
      "steps": 40,
      "dt": 0.03,
      "max_inc_D1_ratio": 0.0,
      "max_inc_D2_ratio": 0.0,
      "max_inc_F1_ratio": 0.0,
      "max_inc_F2_ratio": 0.0,
      "min_slice_1sp_nl": 1.880693219796413e-14,
      "min_slice_1sp_lin": 1.210511382725561e-14,
      "drift_convergence_u": 0.15,
      "drift_convergence_nmax": [
        2,
        3,
        4,
        5
      ],
      "drift_convergence_relres": [
        0.000994936045662723,
        0.00015332345882753908,
        2.0692309948622084e-05,
        2.2848465909175344e-06
      ],
      "cross_equilibrium_density_relres_ab": 1.4874203096773931e-15,
      "cross_equilibrium_density_relres_ba": 1.6776335552013413e-16,
      "lin_selfadjoint_sym_def": 7.557205747004732e-05,
      "lin_weighted_diss_h1": -0.0003443527778570862,
      "lin_weighted_diss_h2": -0.0002879662010116317
    }
  ]
}