{
  "rows": [
    {
      "nmax": 5,
      "Q": 8,
      "maxK": 256,
      "maxw_self": 6.300017085905691e-16,
      "maxw_cross": 6.009925321812134e-16
    },
    {
      "nmax": 5,
      "Q": 8,
      "maxK": 256,
      "maxw_self": 6.300017085905691e-16,
      "maxw_cross": 6.009925321812134e-16
    }
  ]
}